,Locations in A,Locations in B,author,coverdate,disc_name,doi,id,jcode,journal,la,no,numMatches,pages,publisher_name,sp,srcHtml,title,topics,ty,vo,year,Decade,Quoted Words,Locations in A with Wordcounts,Wordcounts,paraIndicesIn20
4759,"[[123985, 125583]]","[[46069, 47664]]",['TIMOTHY GOWERS'],"['20120101', '20120101']",['Mathematics'],10.2307/j.ctt7tbz4.10,bc9eb79e-44ae-3d31-9e91-acb829ac8be6,,,['eng'],,2,,,,,"['Circles Disturbed', 'The Interplay of Mathematics and Narrative', 'Vividness in Mathematics and Narrative']","['Patchwork quilting', 'Bed sheets', 'Wagons', 'Lacrosse', 'Barges', 'Refrigerators', 'Electrodynamics', 'Similes', 'Armchairs', 'Supermarkets', 'Lawns', 'Yogurt', 'Fog', 'Rill erosion', 'Companionship', 'Dormitories', 'Counterexamples', 'Liturgy', 'Coupons', 'Scalar multiplication', 'Contentment', 'Hiccups', 'Novelists', 'Swamps', 'Symmetry']",mis,,2012,2010,320,"[[[123985, 125583], 320]]",[320],[]
1517,"[[399365, 399459], [409113, 409185]]","[[44181, 44275], [44591, 44663]]",['HILARY FRASER'],['20100101'],"['Language & Literature', 'Humanities']",10.2307/41059781,11f8497f-6c69-3bd9-9ce5-55b485cb1a40,['yearenglstud'],The Yearbook of English Studies,['eng'],['1/2'],3,61-82,['Modern Humanities Research Association'],61,"<cite>The Yearbook of English Studies</cite>, Vol. 40, No. 1/2, THE ARTS IN VICTORIAN LITERATURE (2010), pp. 61-82",['Women and the Art of Fiction'],"['Women', 'Male gaze', 'Canvas', 'Surgical casts', 'Sculptors', 'Portraits', 'Aestheticism', 'Tunics', 'Physiognomy', 'Melodrama', 'Ugliness', 'Busts', 'Novelists', 'Perfection', 'Commodity value', 'Gargoyles', 'Blindness', 'Exhibition halls', 'Egotism', 'Sofas', 'Sociability', 'Juvenilia', 'Marriage ceremonies', 'Spears', 'Embroidery']",fla,['40'],2010,2010,32,"[[[399365, 399459], 17], [[409113, 409185], 15]]","[17, 15]","[None, None, None, None, None, None, None, None, None, None, None, None, None, None, None, None, None, None, None, None, None, None, None, None, None, None, None, None, None, None, None, None, None, None, None, None, None, None, None, 5, None, None, None, None, None, None, None, None, None, None, None, None, None, None, None, None, None, None, None, None, None, None, None, None, None, None, None, None]"
5969,"[[560277, 560839]]","[[162043, 162602]]",['MARTIN MEISEL'],"['20160101', '20160101']","['Language & Literature', 'Philosophy', 'Art & Art History', 'Performing Arts', 'Astronomy', 'Physics']",10.7312/meis16632.11,ce8ccb41-d836-347a-93c2-bf6e17f05546,,,['eng'],,2,,,,,"['Chaos Imagined', 'Literature, Art, Science', 'ENERGY']","['Sublimity', 'Oratorios', 'Labyrinths', 'Nihilism', 'Temporality', 'Earth', 'Antinomy', 'Lightning', 'Theatrical genres', 'Colossi', 'Presocratic philosophy', 'Aesthetic taste', 'Earthquakes', 'Anarchy', 'Apogees', 'Anthropic principle', 'Cosmological models', 'Implosions', 'Carnivals', 'Librettos', 'Metaphors', 'Pastiche', 'Comets', 'Mutual intelligibility', 'Laments']",mis,,2016,2010,107,"[[[560277, 560839], 107]]",[107],[]
810,"[[319869, 320887], [1708719, 1709342]]","[[22127, 23064], [24829, 25477]]",['Simon During'],['19880701'],"['Language & Literature', 'Humanities']",10.2307/2928567,668cc77e-64ec-3b5c-9898-9563b5b98f4d,['representations'],Representations,['eng'],['23'],4,86-104,['University of California Press'],86,"<cite>Representations</cite>, No. 23 (Summer, 1988), pp. 86-104","['The Strange Case of Monomania: Patriarchy in Literature, Murder in Middlemarch, Drowning in Daniel Deronda']","['Mental disorders', 'Mimesis', 'Ego', 'Gambling', 'Prosecuting attorneys', 'Delirium', 'Guilt', 'Originality', 'Blessedness', 'Nosology', 'Alienation', 'Melodrama', 'Fear', 'Fetishism', 'Historicism', 'Behaviorism', 'Anthropomorphism', 'Infanticide', 'Purgatory', 'Catachresis', 'Verisimilitude', 'Murderers', 'Apparitions', 'Criminal motive', 'Penitentiary']",fla,,1988,1980,423,"[[[319869, 320887], 280], [[1708719, 1709342], 143]]","[280, 143]",[]
638,"[[248604, 248728], [1608776, 1609593], [1609605, 1610046]]","[[4614, 4738], [4998, 5809], [5822, 6654]]",['Judith M. Hughes'],['19781001'],"['Humanities', 'Language & Literature']",10.2307/25088885,eac3fdca-69f2-34c5-80fe-68f7d185a814,['massreview'],,['eng'],['3'],5,541-555,"['The Massachusetts Review, Inc.']",541,"<cite>The Massachusetts Review</cite>, Vol. 19, No. 3 (Autumn, 1978), pp. 541-555",['Self-Suppression & Attachment: Mid-Victorian Emotional Life'],"['Love', 'Sadness', 'Anger', 'Pity', 'Udders', 'Solitude', 'Irony', 'Heirs', 'Lips', 'Subjection', 'Egotism', 'Codicils', 'Goodbyes', 'Bachelor parties', 'Compassion', 'Hunting songs', 'Prostration', 'Self righteousness', 'Asset forfeiture', 'Cocoons', 'Patchwork quilting', 'Orthodoxy', 'Renunciation', 'Despair', 'Arachnidism']",fla,['19'],1978,1970,304,"[[[248604, 248728], 23], [[1608776, 1609593], 183], [[1609605, 1610046], 98]]","[23, 183, 98]",[]
389,"[[834696, 834938]]","[[6609, 6849]]","['David-Everett Blythe', 'Joseph Wiesenfarth']",['19830101'],"['Humanities', 'Language & Literature']",10.2307/462077,1e9e8756-d436-3643-ba46-82f247d4a621,['pmla'],,['eng'],['1'],2,89-91,['Modern Language Association'],89,"<cite>PMLA</cite>, Vol. 98, No. 1 (Jan., 1983), pp. 89-91",['The Language of Art'],"['Rebirth', 'Irony', 'Pity', 'Vanity', 'Occultism', 'Sadness', 'Similitude law', 'Rearview mirrors', 'Damnation', 'Essayists', 'Monarchy', 'Mysticism', 'Emeralds', 'Persuasion', 'In pari delicto', 'Artisans', 'Tableaux', 'Tears', 'Warrants', 'Nonsense', 'Skirts', 'Puns', 'Compassion', 'Neopatrimonialism', 'Faith']",fla,['98'],1983,1980,55,"[[[834696, 834938], 55]]",[55],[]
973,"[[485698, 485803]]","[[9291, 9396]]",['Daniel Cottom'],"['19870101', '19870101']",['Language & Literature'],10.5749/j.ctttt3h8.9,ea5f9e47-c1a5-39c4-abe5-cc167124c7f3,,,['eng'],,2,,,,,"['Social Figures', 'George Eliot, Social History, and Literary Representation', 'Genteel Image and Democratic Example']","['Transfiguration', 'Workhouses', 'Innocence', 'Aristocracy', 'Metonymy', 'Sublimity', 'Flattery', 'Pity', 'Princesses', 'Vanity', 'Seduction', 'Righteousness', 'Visual fixation', 'Vocation', 'Rational egoism', 'Subjection', 'Misogyny', 'Self portraiture', 'Negative instances', 'Teleology', 'Passion', 'Jousting', 'Shopkeepers', 'Surety', 'Preachers']",mis,['44'],1987,1980,18,"[[[485698, 485803], 18]]",[18],[]
50,"[[35061, 35262], [51087, 51257], [415296, 415396], [1726168, 1726294], [1793006, 1793447]]","[[6872, 7080], [14564, 14734], [14790, 14890], [15569, 15697], [15817, 16551]]",['DAVID L. SMITH'],['20010901'],"['Language & Literature', 'Humanities']",10.2307/42827730,4b1f236f-3135-3f7f-b40c-06e7d0e5f309,['georelioghlstud'],George Eliot - George Henry Lewes Studies,['eng'],['40/41'],6,34-46,['Penn State University Press'],34,"<cite>George Eliot - George Henry Lewes Studies</cite>, No. 40/41, In Memoriam: Professor Thomas Deegan (1939-2001) (September 2001), pp. 34-46","['""MIDDLEMARCH"": ELIOT\'S TENDER SUBVERSION']","['Women', 'Pity', 'Asceticism', 'Impeachment', 'Epics', 'Franciscanism', 'Despair', 'Libertine lifestyle', 'Ballots', 'Agnosticism', 'Ambition', 'Satire', 'Nuns', 'Plagiarism', 'Schisms', 'Pseudonyms', 'Veneration', 'Subjection', 'Business cards', 'Daggers', 'Adolescence', 'Antitheses', 'Tautologies', 'Fortresses', 'Immediacy']",fla,,2001,2000,223,"[[[35061, 35262], 43], [[51087, 51257], 33], [[415296, 415396], 20], [[1726168, 1726294], 31], [[1793006, 1793447], 96]]","[43, 33, 20, 31, 96]","[None, None, None, None, None, None, None, None, None, None, None, None, None, None, None, None, None, None, None, None, None, None, None, None, None, None, None, None, None, None, None, None, None, None, None, None, None, None, None, None, None, None, None, None, None, None, None, None, None, None, None, None, None, None, None, None, None, None, None, None, None, None, None, None, None, None, None, None, None, None, None, None, None, None, None, None, None, None, 10, None, None, None, None, None, None, None, None, None, None, None, None, None, None, None, None, None, None, None, None, None, None, None, None, None, None, None, None, None, None, None, None, None, None, None, None, None, None, None, None, None, None, None, None, None, None, None, None, None, None, None, None, None, None, None, None, None, None, None, None, None, None, None, None, None, None, None, None, None, None, None, None, None, None, None, None, None, None, None, None, None, None, None, None, None, None, None, None, None, None, None]"
358,"[[345183, 345906], [345925, 346047]]","[[29859, 30997], [31015, 31137]]",['George Levine'],['19800601'],"['Language & Literature', 'Humanities']",10.2307/2933477,5365a837-b90c-37d6-a65d-b36737478db4,['ninecentfict'],Nineteenth-Century Fiction,['eng'],['1'],4,1-28,['University of California Press'],1,"<cite>Nineteenth-Century Fiction</cite>, Vol. 35, No. 1 (Jun., 1980), pp. 1-28","[""George Eliot's Hypothesis of Reality""]","['Idealism', 'Certitude', 'Labyrinths', 'Fantasy', 'Constructive empiricism', 'Obedience', 'Particularity', 'Passion', 'Ellipses', 'Conventionalism', 'Pride', 'Sunlight', 'Selfhood', 'Materialism', 'Otherness', 'Inwardness', 'Thirst', 'Ethers', 'Rowing', 'Overtrading', 'Antitheses', 'Conventionality', 'Facticity', 'Imperfect consonances', 'Unbelief systems']",fla,['35'],1980,1980,160,"[[[345183, 345906], 137], [[345925, 346047], 23]]","[137, 23]",[]
1008,"[[8450, 8912], [8932, 9540]]","[[17523, 17992], [18036, 18653]]",['Wendell V. Harris'],['19900701'],"['Language & Literature', 'Humanities']",10.2307/2873079,260e180d-e932-3291-b7f0-ca9ba8a26bf6,['elh'],ELH,['eng'],['2'],3,445-458,['Johns Hopkins University Press'],445,"<cite>ELH</cite>, Vol. 57, No. 2 (Summer, 1990), pp. 445-458",['Bakhtinian Double Voicing in Dickens and Eliot'],"['Dialogism', 'Narratology', 'Irony', 'Polyphony', 'Inquests', 'Parishes', 'Guilt', 'Satellite design', 'Mental disorders', 'Intragenic recombination', 'Idiolects', 'Puffery', 'Aesthetic taste', 'Incommensurability of scientific theories', 'Marine terminals', 'Punctuation', 'Novelists', 'Companionship', 'Maxims', 'Lace', 'Courtship', 'Rill erosion', 'Postmodern ethics', 'Flatness', 'Subtlety']",fla,['57'],1990,1990,227,"[[[8450, 8912], 98], [[8932, 9540], 129]]","[98, 129]",[]
137,"[[310377, 310904], [386177, 386424], [404792, 405151]]","[[32110, 33165], [35906, 36153], [47672, 48024]]",['John P. McGowan'],['19800901'],"['Language & Literature', 'Humanities']",10.2307/2932968,443d90e9-a7d3-309d-b036-2ee475a0b889,['ninecentfict'],Nineteenth-Century Fiction,['eng'],['2'],6,171-192,['University of California Press'],171,"<cite>Nineteenth-Century Fiction</cite>, Vol. 35, No. 2 (Sep., 1980), pp. 171-192","[""The Turn of George Eliot's Realism""]","['Novels', 'Narratology', 'Antirealism', 'Aristotelian rhetoric', 'Renunciation', 'Nostalgia', 'Mimesis', 'Chaplains', 'Semiotic signs', 'Religious transcendence', 'Solipsism', 'Eyepieces', 'Referents', 'Ad hominem', 'Sympathy', 'Meditation', 'Hunting songs', 'Novelists', 'Fables', 'Antitheses', 'Heroism', 'Otherness', 'Moral weakness', 'Rowing', 'Pathos']",fla,['35'],1980,1980,230,"[[[310377, 310904], 107], [[386177, 386424], 44], [[404792, 405151], 79]]","[107, 44, 79]",[]
4601,"[[415213, 415387]]","[[115562, 115736]]",['J. Hillis Miller'],"['20050101', '20050101']",['Language & Literature'],10.2307/j.ctt13wzvcg.7,667da560-2a76-393b-be97-c18447daa975,,,['eng'],,2,,,,,"['Literature as Conduct: Speech Acts in Henry James', 'The Story of a Kiss:', 'Isabel’s Decisions in The Portrait of a Lady']","['Marriage ceremonies', 'Love', 'Villains', 'Constatives', 'Aestheticism', 'Adultery', 'Catachresis', 'Narcissism', 'Lucidity', 'Preludes', 'Parables', 'Narrators', 'Wrist', 'Apparitions', 'Lipstick', 'Allegory', 'Masterpieces', 'Lacanian philosophy', 'Nieces', 'Sodomy', 'Inspiration', 'Labyrinths', 'Insults', 'Equivocation', 'Omens']",mis,,2005,2000,34,"[[[415213, 415387], 34]]",[34],"[None, None, None, None, None, None, None, None, None, None, 10, None, None, None, None, None, None, None, None, None, None, None, None, None, None, None, None, None, None, None, None, None, None, None]"
43,"[[56, 151], [175395, 175571], [191684, 191964], [432172, 432777], [616870, 617479], [617067, 617723], [1057847, 1058336], [1058350, 1058734], [1058859, 1059499], [1327660, 1327746], [1583753, 1584376], [1584646, 1585832], [1628879, 1629005], [1636351, 1636596], [1648950, 1649704], [1787276, 1787346]]","[[7083, 7178], [10233, 10409], [24161, 24439], [25139, 25741], [28518, 29116], [28716, 29359], [31495, 31984], [32024, 32407], [34108, 34745], [35638, 35722], [36456, 37076], [37654, 38835], [42519, 42622], [42951, 43197], [43478, 44225], [63028, 63098]]",['U. C. Knoepflmacher'],"['19650101', '19650101']",['Language & Literature'],10.2307/j.ctt13x1970.6,0e6642fe-d854-39c0-9404-da91f7fda403,,,['eng'],,24,,,,,"['Religious Humanism and the Victorian Novel: George Eliot, Walter Pater and Samuel Butler', 'Middlemarch:', 'The Balance of Progress']","['Pity', 'Will to believe', 'Volition', 'Rationalism', 'Preachers', 'Moral relativism', 'Romantic art', 'Obedience', 'Sentimentality', 'Epicureanism', 'Dogmatism', 'Literary epigraphs', 'Hedonism', 'Cloaks', 'Spiritual love', 'Pragmatism', 'Sympathy', 'Affection', 'Ostracism', 'Evangelicalism', 'Exoneration', 'Egotism', 'Enthusiasm', 'Priestesses', 'Aphorisms']",mis,,1965,1960,1561,"[[[56, 151], 19], [[175395, 175571], 33], [[191684, 191964], 64], [[432172, 432777], 128], [[616870, 617479], 147], [[617067, 617723], 153], [[1057847, 1058336], 109], [[1058350, 1058734], 86], [[1058859, 1059499], 153], [[1327660, 1327746], 18], [[1583753, 1584376], 131], [[1584646, 1585832], 252], [[1628879, 1629005], 28], [[1636351, 1636596], 53], [[1648950, 1649704], 173], [[1787276, 1787346], 14]]","[19, 33, 64, 128, 147, 153, 109, 86, 153, 18, 131, 252, 28, 53, 173, 14]","[None, None, None, None, None, None, None, None, None, None, None, None, None, None, None, None, None, None, None, None, None, None, None, None, None, None, None, None, None, None, None, None, None, None, None, None, None, None, None, None, None, None, None, None, None, None, None, None, None, None, None, None, None, None, None, None, None, None, None, None, None, None, None, None, None, None, None, None, None, None, None, None, None, None, None, None, None, None, None, None, None, None, None, None, None, None, None, None, None, None, None, None, None, None, None, None, None, None, None, None, None, None, None, None, None, None, None, None, None, None, None, None, None, None, None, None, None, None, None, None, None, None, None, None, None, None, None, None, None, None, None, None, None, None, None, 33, None, None, None, None, None, None, None, None, None, None, None, None, None, None, None, None, None, None, None, None, None, None, None, None, None, None, None, None, None, None, None, None, None, None, None, None, None, None, None, None, None, None, None, None, None, None, None, None, None, None, None, None, None, None, None, None, None, None, None, None, None, None, None, None, None, None, None, None, None, None, None, None, None, None, None, None, None, None, None, None, None, None, None, None, None, None, None, None, None, None, None, None, None, None, None, None, None, None, None, None, None, None, None, None, None, None, None, None, None, None, None, None, None, None, None, None, None, None, None, None, None, None, None, None, None, None, None, None, None, None, None, None, None, None, None, None, None, None, None, None, None, None, None, None, None, None, None, None, None, None, None, None, None, None, None, None, None, None, None, None, None, None, None, None, None, None, None, None, None, None, None, None, None, None, None, None, None, None, None, None, None, None, None, None, None, None, None, None, None, None, None, None, None, None, None, None, None, None, None, None, None, None, None, None, None, None, None, None, None, None, None, None, None, None, None, None, None, None, None, None, None, None, None, None, None, None, None, None, None, None, None, None, None, None, None, None, None, None, None, None, None, None, None, None, None, None, None, None, None, None, None, None, None, None, None, None, None, None, None, None, None, None, None, None, None, None, None, None, None, None, None, None, None, None, None, None, None, None, None, None, None, None, None, None, None, None, None, None, None, None, None, None, None, None, None, None, None, None, None, None, None, None, None, None, None, None, None, None, None, None, None, None, None, None, None, None, None, None, None, None, None, None, None, None, None, None, None, None, None, None, None, None, None, None, None, None, None, None, None, None, None, None, None, None, None, None, None, None, None, None, None, None, None, None, None, None, None, None, None, None, None, None, None, None, None, None, None, None, None, None, None, None, None, None, None, None, None, None, None, None, None, None, None, None, None, None, None, None, None, None, None, None, None, None, None, None, None, None, None, None, None, None, None, None, None, None, None, None]"
97,"[[490324, 490390], [513891, 514153], [514696, 515083], [1369273, 1369483], [1370930, 1371184], [1376565, 1377082], [1787696, 1787967]]","[[8092, 8157], [9348, 9609], [9852, 10238], [17959, 18169], [19752, 20007], [20382, 20883], [22494, 22765]]",['NICOLE M. COONRADT'],['20120901'],"['Language & Literature', 'Humanities']",10.2307/42827900,8a9789c8-ad8c-387a-88ef-37aab78b949f,['georelioghlstud'],George Eliot - George Henry Lewes Studies,['eng'],['62/63'],10,16-33,['Penn State University Press'],16,"<cite>George Eliot - George Henry Lewes Studies</cite>, No. 62/63 (September 2012), pp. 16-33","['WRITING MARY GARTH: LOCATING MIDDLE GROUND AMONG FEMALE CHARACTERS IN GEORGE ELIOT\'S ""MIDDLEMARCH""']","['Women', 'Omniscient narrators', 'Ugliness', 'Pity', 'Rational egoism', 'Irony', 'Flattery', 'Hypocrisy', 'Pseudonyms', 'Humor', 'Novella', 'Snobbery', 'Vocation', 'Upbringing', 'Religious transcendence', 'Authorship attribution', 'Maids', 'Turnips', 'Laments', 'Ducklings', 'Physiognomy', 'Housewives', 'Prudence', 'Plainness', 'Semen']",fla,,2012,2010,425,"[[[490324, 490390], 13], [[513891, 514153], 52], [[514696, 515083], 80], [[1369273, 1369483], 41], [[1370930, 1371184], 49], [[1376565, 1377082], 129], [[1787696, 1787967], 61]]","[13, 52, 80, 41, 49, 129, 61]",[]
331,"[[5809, 6218], [21014, 21195], [116900, 117594], [298588, 299025], [299047, 299536], [299814, 299996], [468689, 468825], [470798, 470977], [794848, 795118], [1528336, 1528471], [1548064, 1548543], [1633059, 1633208], [1634415, 1634645], [1645380, 1645466], [1710354, 1710422], [1720190, 1720330]]","[[1724, 2133], [16957, 17138], [47081, 47774], [50532, 50967], [51020, 65039], [65137, 65318], [66566, 66701], [66715, 66894], [71895, 72164], [89479, 89613], [93147, 93652], [98674, 98821], [99482, 99708], [100743, 100828], [108559, 108627], [126775, 126915]]",['PATRICIA McKEE'],"['19860101', '19860101']",['Language & Literature'],10.2307/j.ctt7zvvkq.7,8213aec9-6bc8-31ab-a42d-2269cc1af4ad,,,['eng'],,19,,,,,"['Heroic Commitment in Richardson, Eliot, and James', 'POWER AS PARTIALITY IN MIDDLEMARCH']","['Impartiality', 'Pity', 'Love', 'Alterity', 'Martyrdom', 'Omniscient narrators', 'Vocation', 'Narcissism', 'Blindness', 'Integration clause', 'Incommensurability of scientific theories', 'Alienation', 'Neckties', 'Procyclical fiscal policy', 'Reification', 'Women', 'Gossip', 'Emeralds', 'Mime', 'Suchness', 'Miniature paintings', 'Habitat destruction', 'Omnipotence', 'Dimity', 'Academic accomplishments']",mis,,1986,1980,893,"[[[5809, 6218], 83], [[21014, 21195], 37], [[116900, 117594], 139], [[298588, 299025], 89], [[299047, 299536], 107], [[299814, 299996], 37], [[468689, 468825], 28], [[470798, 470977], 40], [[794848, 795118], 58], [[1528336, 1528471], 30], [[1548064, 1548543], 99], [[1633059, 1633208], 34], [[1634415, 1634645], 53], [[1645380, 1645466], 19], [[1710354, 1710422], 14], [[1720190, 1720330], 26]]","[83, 37, 139, 89, 107, 37, 28, 40, 58, 30, 99, 34, 53, 19, 14, 26]",[]
4041,"[[118707, 118893], [119049, 119199]]","[[6308, 6493], [6574, 6724]]",['Simon Eliot'],['20010901'],"['Language & Literature', 'Humanities']",10.1525/ncl.2001.56.2.160,0431ff5a-4e5a-3f5d-8ae5-03ed51769b68,['ninecentlite'],Nineteenth-Century Literature,['en'],['2'],3,160-197,['University of California Press'],160,"<cite>Nineteenth-Century Literature</cite>, Vol. 56, No. 2 (September 2001), pp. 160-197","['""Never Mind the Value, What about the Price?""; Or, How Much Did <em>Marmion</em> Cost St. John Rivers?']","['Printing', 'Luxury goods', 'Lighting', 'Sconces', 'Featherbedding', 'Tallow', 'Nieces', 'Ultimatum game', 'Penance', 'Alliteration', 'Mutton', 'Gutters', 'Tinder boxes', 'Preludes', 'Publishing industry', 'Annuities', 'Kerosene lamps', 'Casting', 'Idleness', 'Cousins', 'Comas', 'Barometers', 'Microforms', 'Uncles', 'Handguns']",fla,['56'],2001,2000,69,"[[[118707, 118893], 35], [[119049, 119199], 34]]","[35, 34]",[]
51,"[[79529, 79677], [345201, 345489], [406099, 406319], [681918, 682020], [696693, 696805], [698074, 698159], [1381714, 1382015]]","[[8861, 9008], [15159, 15448], [25643, 25862], [26135, 26219], [27900, 28012], [28018, 28102], [28885, 29096]]",['Selma B. Brody'],['19870801'],"['Language & Literature', 'Humanities']",10.2307/437748,f24920b2-ecb5-39a7-a055-90c2d5c1513d,['modernphilology'],Modern Philology,['eng'],['1'],8,42-53,['University of Chicago Press'],42,"<cite>Modern Philology</cite>, Vol. 85, No. 1 (Aug., 1987), pp. 42-53","['Physics in ""Middlemarch"": Gas Molecules and Ethereal Atoms']","['Neutrinos', 'Pity', 'Materialism', 'Phrenology', 'Gossip', 'Geometry', 'Billiards', 'Psychological egoism', 'Blackmail', 'Levity', 'Personification', 'Parabolas', 'Mnemonics', 'Nothingness', 'Literary epigraphs', 'Rainbows', 'Minor planets', 'Pseudoscience', 'Parables', 'Organicism', 'Daydreams', 'Straw', 'Bullets', 'Inventors', 'Idealization']",fla,['85'],1987,1980,239,"[[[79529, 79677], 30], [[345201, 345489], 52], [[406099, 406319], 38], [[681918, 682020], 22], [[696693, 696805], 25], [[698074, 698159], 24], [[1381714, 1382015], 48]]","[30, 52, 38, 22, 25, 24, 48]",[]
2544,"[[1709051, 1709233]]","[[39229, 39407]]","['Suzanne Raitt', 'Claire Buck']",['20101001'],"['Language & Literature', ""Feminist & Women's Studies"", 'Humanities']",10.2307/27919123,d99491c7-6475-37fd-aa9d-59659beb2b3c,['feministstudies'],Feminist Studies,['eng'],['3'],2,598-617,"['Feminist Studies, Inc.']",598,"<cite>Feminist Studies</cite>, Vol. 36, No. 3, SEX AND SURVEILLANCE (Fall 2010), pp. 598-617",['Friendship and Lesbian Studies'],"['Heterosexuality', 'Women', 'Female homosexuality', 'Incest', 'Envy', 'Love', 'Utopianism', 'Sexology', 'Wicker baskets', 'Homosexuality', 'Fan cultures', 'Dolls', 'Blessedness', 'Inquests', 'Libel', 'Adultery', 'Storytelling', 'Visibility', 'Bath towels', 'Masculinity', 'Friendship', 'Hyperbole', 'Separatism', 'Sculptors', 'Shipwrecks']",brv,['36'],2010,2010,42,"[[[1709051, 1709233], 42]]",[42],[]
180,"[[127877, 127994], [419624, 420202]]","[[16587, 16704], [17651, 18231]]",['George Levine'],['19630901'],"['Language & Literature', 'Humanities']",10.2307/2872038,c98fdee0-fbcd-3f85-a8e5-79e409dc1d91,['elh'],ELH,['eng'],['3'],3,244-257,['Johns Hopkins University Press'],244,"<cite>ELH</cite>, Vol. 30, No. 3 (Sep., 1963), pp. 244-257","['Isabel, Gwendolen, and Dorothea']","['Novels', 'Pity', 'Irony', 'Ghost stories', 'Egotism', 'Egoism', 'Mindfulness', 'Sympathy', 'Melting points', 'Game animals', 'Women', 'Narrative plot', 'Pain', 'Visual fixation', 'Selfishness', 'Cottages', 'Masterpieces', 'Renunciation', 'Cousins', 'Destiny', 'Closets', 'Rowing', 'Textual collocation', 'Ambivalence', 'Concept of mind']",fla,['30'],1963,1960,138,"[[[127877, 127994], 23], [[419624, 420202], 115]]","[23, 115]","[None, None, None, None, None, None, None, None, None, None, None, None, None, None, None, None, None, None, None, None, None, None, None, None, None, None, None, None, None, None, None, None, None, None, None, None, None, None, None, None, None, None, None, None, None, None, None, None, None, None, 16, None, None, None, None, None, None, None, None, None, None, None, None, None, None, None, None, None]"
3107,"[[290950, 291020]]","[[25831, 25903]]",['Judith Wilt'],['19810301'],"['Language & Literature', 'Humanities']",10.2307/3044620,a4c81566-1d1c-3bd7-88a9-5c101a7dc452,['ninecentfict'],Nineteenth-Century Fiction,['eng'],['4'],2,459-486,['University of California Press'],459,"<cite>Nineteenth-Century Fiction</cite>, Vol. 35, No. 4 (Mar., 1981), pp. 459-486",['Steamboat Surfacing: Scott and the English Novelists'],"['Love', 'Fear', 'Heroes', 'Heroism', 'Sadness', 'Vanity', 'Despair', 'Elegies', 'Novels', 'Sonnets', 'Anger', 'Solitude', 'Warps', 'Pirates', 'Lighthouses', 'Psychodrama', 'Pulpits', 'Prudence', 'Irony', 'Hypocrisy', 'Marriage ceremonies', 'Dressmaking', 'Blessings', 'Narrators', 'Authoritarianism']",fla,['35'],1981,1980,13,"[[[290950, 291020], 13]]",[13],[]
4025,"[[242360, 242909]]","[[81986, 82529]]",['Andrew Travers'],['19921201'],"['Sociology', 'Social Sciences']",10.2307/591341,187a59b8-d712-38d6-93db-90e36134e770,['britjsoci'],The British Journal of Sociology,['eng'],['4'],3,601-637,"['Wiley', 'London School of Economics and Political Science', 'London School of Economics']",601,"<cite>The British Journal of Sociology</cite>, Vol. 43, No. 4 (Dec., 1992), pp. 601-637",['Strangers to Themselves: How Interactants Are other than They Are'],"['Interactionism', 'Paranoid disorders', 'Shame', 'Ressentiment', 'Estrangement', 'Humor', 'Courtrooms', 'Oratory', 'Charisma', 'Etiquette', 'Whips', 'Malice', 'Anomia', 'Phenomenology', 'Holistic medicine', 'Carpets', 'Alienation', 'Tears', 'Whistles', 'Insults', 'Seashores', 'Shamanism', 'Waiters', 'Idleness', 'Parody']",fla,['43'],1992,1990,140,"[[[242360, 242909], 140]]",[140],[]
4038,"[[411970, 412108], [560277, 560839]]","[[7132, 7270], [8616, 9252]]",['ALEXANDER NEMEROV'],"['20100101', '20100101']",['Language & Literature'],10.1525/j.ctt1pp5nj.10,8eeb4285-9ed3-3340-863a-411d5ac47c3b,,,['eng'],,4,,,,,"['Acting in the Night', 'Macbeth and the Places of the Civil War', 'Sound and Fury:', 'Nature in Virginia']","['Fingers', 'Nothingness', 'Cedars', 'Twilight', 'Sublimity', 'Exorcism', 'Preachers', 'Cemeteries', 'Rill erosion', 'Daguerreotypes', 'Wilderness', 'Fear', 'Crop gleaning', 'Machine guns', 'Incantations', 'Natural bridges', 'Witchcraft', 'Tree trunks', 'Auditoriums', 'Caskets', 'Ivy', 'Animism', 'Visibility', 'Recitations', 'Battlefields']",mis,,2010,2010,138,"[[[411970, 412108], 31], [[560277, 560839], 107]]","[31, 107]","[None, None, None, None, None, None, 6, None, None, None, None, None, None, None, None, None, None, None, None, None, None, None, None, None, None, None, None, None, None, None, None, None, None, None, None, None, None, None, None, None, None, None, None, None, None, None, None, None, None, None, None, None, None, None, None, None, None, None, None, None, None, None, None, None, None, None, None, None]"
1016,"[[129117, 129300], [131047, 131215], [212301, 212416], [1175309, 1175620]]","[[11906, 12086], [15681, 15849], [18255, 18368], [18866, 19178]]",['D. J. Smith'],['19630701'],"['Humanities', 'Language & Literature']",10.2307/4334358,a663d519-d0c6-315e-8918-c16a60e1737a,['kenyrevi'],,['eng'],['3'],5,517-532,['Kenyon College'],517,"<cite>The Kenyon Review</cite>, Vol. 25, No. 3 (Summer, 1963), pp. 517-532",['Music in the Victorian Novel'],"['Keyboard music', 'Choirs', 'Russian music', 'Pity', 'Church music', 'Pianists', 'Vanity', 'Virtuosos', 'Oratorios', 'Ballet', 'Flutes', 'Archery', 'Single women', 'Hypocrisy', 'Satire', 'Etiquette', 'Ambition', 'Wardrobes', 'Orchestral conducting', 'Robbers', 'Arachnidism', 'Buzzes', 'Auditory signals', 'Financial status', 'Renaissance dance']",fla,['25'],1963,1960,176,"[[[129117, 129300], 45], [[131047, 131215], 42], [[212301, 212416], 28], [[1175309, 1175620], 61]]","[45, 42, 28, 61]",[]
2848,"[[572726, 572816]]","[[2151, 2243]]",['George Levine'],['19770301'],"['Language & Literature', 'Humanities']",10.2307/2933096,bb916631-f27b-3e59-beb7-ed346da4b39a,['ninecentfict'],Nineteenth-Century Fiction,['eng'],['4'],2,486-491,['University of California Press'],486,"<cite>Nineteenth-Century Fiction</cite>, Vol. 31, No. 4 (Mar., 1977), pp. 486-491",,"['Novels', 'Horror fiction', 'Villains', 'Childhood', 'Anthologies', 'Snobbery', 'Encyclopedias', 'Immortality', 'Courage', 'Apologetics', 'Convents', 'Ambition', 'Anger', 'Doppelgangers', 'Idealization', 'Economic model construction', 'Leys', 'Veal', 'Orchestral music', 'Tours', 'Cliche', 'Hindsight bias', 'Seven Deadly Sins', 'Laughter', 'Food staples']",brv,['31'],1977,1970,17,"[[[572726, 572816], 17]]",[17],[]
4714,"[[1575194, 1575641]]","[[21187, 21627]]",['Bernard Crick'],['19871001'],"['Language & Literature', 'History', 'History', 'Humanities']",10.2307/23539270,ad21823d-8d11-349c-afa1-4b613dd2ab79,['biography'],Biography,['eng'],['4'],2,283-300,"[""University of Hawai'i Press""]",283,"<cite>Biography</cite>, Vol. 10, No. 4 (Fall 1987), pp. 283-300",['Orwell and Biography'],"['Biographers', 'Essayists', 'Mathematical intuitionism', 'Inwardness', 'Libel', 'Engineering education', 'Obituaries', 'Satire', 'Anthropology', 'Hatchets', 'Anecdotal research', 'Readership', 'Aesthetic taste', 'Monologues', 'Bookstores', 'Gossip', 'Admission of guilt', 'Anarchism', 'Periphrasis', 'Hearsay', 'Storytelling', 'Actualization', 'Delicatessens', 'Memoirs', 'Attestations']",fla,['10'],1987,1980,111,"[[[1575194, 1575641], 111]]",[111],[]
4356,"[[449976, 450244]]","[[24065, 24348]]",['Frances Berenson'],['19910101'],"['Humanities', 'Philosophy']",10.2307/3751142,2a7d98f9-abe0-308c-bfce-d50a1a9db58e,['philosophy'],,['eng'],['255'],2,65-79,['Cambridge University Press'],65,"<cite>Philosophy</cite>, Vol. 66, No. 255 (Jan., 1991), pp. 65-79","[""What Is This Thing Called 'Love'?""]","['Envy', 'Pity', 'Agape', 'Stanzas', 'Guilt', 'Sadness', 'Emotion theories', 'Spontaneity', 'Otherness', 'Ambiguity', 'Propriety', 'Misconception', 'Objectivity', 'Disgust', 'Potentiality', 'Loneliness', 'Threatened abortion', 'Obedience', 'Craving', 'Spouses', 'Ballads', 'Gratification', 'Back to basics', 'Betrayal', 'Joy']",fla,['66'],1991,1990,53,"[[[449976, 450244], 53]]",[53],[]
814,"[[176652, 176912], [1634415, 1634515]]","[[20820, 21080], [27490, 27590]]",['Robert Preyer'],['19600901'],"['Language & Literature', 'History', 'British Studies', 'History', 'Area Studies', 'Humanities']",10.2307/3825796,49953fd7-4bf6-3e31-a18e-a1e9b79e74f1,['victorianstudies'],Victorian Studies,['eng'],['1'],3,33-54,['Indiana University Press'],33,"<cite>Victorian Studies</cite>, Vol. 4, No. 1 (Sep., 1960), pp. 33-54","['Beyond the Liberal Imagination: Vision and Unreality in ""Daniel Deronda""']","['Sublimity', 'Sympathy', 'Fear', 'Mystics', 'Pity', 'Egotism', 'Vocation', 'Complacency', 'Righteousness', 'Past life regression', 'Sanctity', 'Literary epigraphs', 'Particularity', 'Pariahs', 'Exhalation', 'Humanity', 'Novelists', 'Superstitions', 'Selfishness', 'Verisimilitude', 'Idealism', 'White supremacy', 'Iridescence', 'Actuality', 'Exertion']",fla,['4'],1960,1960,75,"[[[176652, 176912], 52], [[1634415, 1634515], 23]]","[52, 23]",[]
114,"[[1192663, 1192963], [1192977, 1193103]]","[[17031, 17329], [17342, 17466]]",['James F. Scott'],['19720901'],"['Language & Literature', 'History', 'British Studies', 'History', 'Area Studies', 'Humanities']",10.2307/3826242,071a9fdf-2f63-3e65-adad-3f9af320614a,['victorianstudies'],Victorian Studies,['eng'],['1'],3,59-76,['Indiana University Press'],59,"<cite>Victorian Studies</cite>, Vol. 16, No. 1 (Sep., 1972), pp. 59-76","['George Eliot, Positivism, and the Social Vision of ""Middlemarch""']","['Separation of church and state', 'Pawnbrokers', 'Priests', 'Vanity', 'Aristocracy', 'Feudalism', 'Orthodoxy', 'Dogmatism', 'Quagmires', 'Vicars', 'Pathos', 'Theocracy', 'Horsemanship', 'Businesspeople', 'Daydreams', 'Gout', 'Coaching', 'Cynicism', 'Delirium', 'Fables', 'Futile medical care', 'Sympathy', 'Mummies', 'Renovations', 'Chimney sweeps']",fla,['16'],1972,1970,129,"[[[1192663, 1192963], 91], [[1192977, 1193103], 38]]","[91, 38]",[]
100,"[[196544, 196618], [723896, 724025], [1192663, 1192864]]","[[5478, 5552], [12393, 12522], [13904, 14104]]",['Richard S. Lyons'],['19660601'],"['Language & Literature', 'Humanities']",10.2307/2932697,bc9047a4-dc2a-32a4-ae60-decd1534f45c,['ninecentfict'],Nineteenth-Century Fiction,['eng'],['1'],4,35-47,['University of California Press'],35,"<cite>Nineteenth-Century Fiction</cite>, Vol. 21, No. 1 (Jun., 1966), pp. 35-47",['The Method of Middlemarch'],"['Sympathy', 'Irony', 'Hope', 'Faith', 'Tenants', 'Egoism', 'Vocation', 'Formalist art', 'Ambition', 'Farce', 'Cottages', 'Disillusionment', 'Wisdom', 'Satire', 'Selfishness', 'Skirts', 'Novelists', 'Mysticism', 'Auctioneers', 'Boasting', 'Riparian rights', 'Estrangement', 'Glare', 'Wicker baskets', 'Piety']",fla,['21'],1966,1960,104,"[[[196544, 196618], 12], [[723896, 724025], 27], [[1192663, 1192864], 65]]","[12, 27, 65]",[]
4,"[[397716, 398312], [1588815, 1589729], [1588815, 1589739]]","[[20493, 21084], [22491, 23406], [22491, 23416]]",['Jane S. Smith'],['19770701'],"['Language & Literature', 'Humanities']",10.2307/40754482,ef12c01b-c42d-39b8-84dd-d00e6538143c,['texastudlitelang'],Texas Studies in Literature and Language,['eng'],['2'],5,188-203,['University of Texas Press'],188,"<cite>Texas Studies in Literature and Language</cite>, Vol. 19, No. 2, An Issue Devoted to the Nineteeth Century (SUMMER 1977), pp. 188-203",['The Reader as Part of the Fiction: Middlemarch'],"['Novels', 'Flattery', 'Humor', 'Vanity', 'Meditation', 'Sympathy', 'Gentleness', 'Udders', 'Phraseology', 'Epaulets', 'Boredom', 'Confidants', 'Letter writing', 'Intimacy', 'Misconception', 'Thimbles', 'Travelers', 'Puppets', 'Serial publications', 'Narrators', 'Trousseaux', 'Pathos', 'Leitmotifs', 'Rapport', 'Admissions counseling']",fla,['19'],1977,1970,501,"[[[397716, 398312], 122], [[1588815, 1589729], 189], [[1588815, 1589739], 190]]","[122, 189, 190]",[]
818,"[[1167569, 1168012], [1171093, 1171218], [1692794, 1692956]]","[[37544, 37982], [38470, 38588], [40380, 40541]]",['Dagni Bredesen'],"['20140101', '20140101']","['Anthropology', 'Art & Art History', 'Marketing & Advertising']",10.5749/j.ctt9qh3db.10,9ea811ac-9e7f-3a36-a6ab-c77c6ddb85f7,,,['eng'],,5,,,,,"['Fashioning the Nineteenth Century', 'Habits of Being 3', 'AN EMBLEM OF ALL THE REST', 'WEARING THE WIDOW’S CAP IN VICTORIAN LITERATURE']","['Dresses', 'Widows', 'Etiquette', 'Seduction', 'Women', 'Female sexuality', 'Legal fictions', 'Diadems', 'Grief', 'Self immolation', 'Muslin', 'Codicils', 'Kerchiefs', 'Empresses', 'Pretend play', 'Funerals', 'Vanity', 'Complicity', 'Maids', 'Charades', 'Penance', 'Remarriage', 'Virginity', 'Tulle netting', 'Veils']",mis,,2014,2010,182,"[[[1167569, 1168012], 114], [[1171093, 1171218], 30], [[1692794, 1692956], 38]]","[114, 30, 38]",[]
3725,"[[410552, 411151]]","[[9604, 10202]]",['Helen Groth'],"['20130101', '20130101']","['Language & Literature', 'Film Studies']",10.3366/j.ctt5hh2d7.6,4c316b21-85a6-3bd5-9cf7-e0b773b52c12,,,['eng'],,2,,,,,"['Moving Images', 'Nineteenth-Century Reading and Screen Practices', 'Introduction:', 'Moving Images: Nineteenth-Century Reading and Screen Practices']","['Cinematography', 'Imagination', 'Entertainment', 'Kaleidoscopes', 'Ontological multiplicity', 'Visual fixation', 'Spectacle', 'Mimesis', 'Temporality', 'Vertigo', 'Illusionism', 'Rasa', 'Automatism', 'Lithography', 'Self portraiture', 'Slide projectors', 'Dexterity', 'Wedding parties', 'Dreams', 'On demand publishing', 'Afterlife', 'Periodicals', 'Evangelists', 'Art history', 'Viewers']",mis,,2013,2010,118,"[[[410552, 411151], 118]]",[118],"[None, None, None, None, None, 5, None, None, None, None, None, None, None, None, None, None, None, None, None, None, None, None, None, None, None, None, None, None, None, None, None, None, None, None]"
5133,"[[2603, 2899]]","[[169, 463]]",['BANU SUBRAMANIAM'],"['20140101', '20140101']","['Sociology', 'General Science']",10.5406/j.ctt6wr5ch.12,87882eea-4919-37bb-b8c1-f5ac41bf49a4,,,['eng'],,3,,,,,"['Ghost Stories for Darwin', 'The Science of Variation and the Politics of Diversity', 'Through the Prism of Objectivity:', 'Dispersions of Identity, Culture, Science']","['Masculinity', 'Sexism', 'Heterosexuality', 'Enculturation', 'Body snatchers', 'Whiteness studies', 'Objectivity', 'Bathrobes', 'Assertiveness', 'Furniture', 'Universalism', 'Machismo', 'Graduate students', 'Marginalization', 'Superstitions', 'Genealogy', 'Otherness', 'Academia', 'Optimism', 'Visibility', 'Earrings', 'Egotism', 'Loneliness', 'Adolescent psychiatry', 'Janitors']",mis,,2014,2010,65,"[[[2603, 2899], 65]]",[65],[]
42,"[[411396, 411675], [414221, 414545], [417022, 417184], [449403, 450244], [583370, 583550], [583737, 583869], [767842, 768028], [768751, 768830], [1046466, 1047351], [1638534, 1639442], [1787516, 1787967], [1792153, 1792238]]","[[238, 515], [18753, 19077], [42043, 42205], [45344, 46629], [58098, 58277], [59001, 59133], [60853, 61039], [61265, 61344], [62493, 63375], [73928, 74849], [80141, 80591], [81981, 82066]]",['Cara Weber'],['20120301'],"['Language & Literature', 'Humanities']",10.1525/ncl.2012.66.4.494,42eedce9-f419-317e-9637-ba29a3871490,['ninecentlite'],Nineteenth-Century Literature,['eng'],['4'],15,494-530,['University of California Press'],494,"<cite>Nineteenth-Century Literature</cite>, Vol. 66, No. 4 (March 2012), pp. 494-530",['“The Continuity of Married Companionship”'],"['Pity', 'Spectacle', 'Sympathy', 'Alterity', 'Idealism', 'Aloneness', 'Narcissism', 'Sadness', 'Cruelty', 'Passion', 'Selfishness', 'Companionship', 'Otherness', 'Estrangement', 'Misinterpretation', 'Chivalry', 'Beauty', 'Nonfiction', 'Skepticism', 'Presentness', 'Alienation', 'Sentimentalism', 'Immediacy', 'Selfhood', 'Patient behavior']",fla,['66'],2012,2010,975,"[[[411396, 411675], 58], [[414221, 414545], 61], [[417022, 417184], 32], [[449403, 450244], 181], [[583370, 583550], 35], [[583737, 583869], 25], [[767842, 768028], 41], [[768751, 768830], 19], [[1046466, 1047351], 186], [[1638534, 1639442], 223], [[1787516, 1787967], 100], [[1792153, 1792238], 14]]","[58, 61, 32, 181, 35, 25, 41, 19, 186, 223, 100, 14]","[None, None, None, None, None, None, 6, None, None, None, None, None, None, None, None, None, None, None, None, None, None, None, None, None, None, None, None, None, None, None, None, None, None, None, None, None, None, None, None, None, None, None, None, 9, None, None, None, None, None, None, None, None, None, None, None, None, None, None, None, None, None, None, None, None, None, None, None, None, None, None, None, None, None, None, None, None, None, None, None, 11, None, None, None, None, None, None, None, None, None, None, None, None, None, None, None, None, None, None, None, None, None, None, None, None, None, None, None, None, None, None, None, None, None, None, None, None, None, None, None, None, None, None, None, None, None, None, None, None, None, None, None, None, None, None, None, None, None, None, None, None, None, None, None, None, None, None, None, None, None, None, None, None, None, None, None, None, None, None, None, None, None, None, None, None, None, None, None, None, None, None, None, None, None, None, None, None, None, None, None, None, None, None, None, None, None, None, None, None, None, None, None, None, None, None, None, None, None, None, None, None, None, None, None, None, None, None, None, None, None, None, None, None, None, None, None, None, None, None, None, None, None, None, None, None, None, None, None, None, None, None, None, None, None, None, None, None, None, None, None, None, None, None, None, None, None, None, None, None, None, None, None, None, None, None, None, None, None, None, None, None, None, None, None, None, None, None, None, None, None, None, None, None, None, None, None, None, None, None, None, None, None, None, None, None, None, None, None, None, None, None, None, None, None, None, None, None, None, None, None, None, None, None, None, None, None, None, None, None, None, None, None, None, None, None, None, None, None, None, None, None, None, None, None, None, None, None, None, None, None, None, None, None, None, None, None, None, None, None, None, None, None, None, None, None, None, None, None, None, None, None, None, None, None, None, None, None, None, None, None, None, None, None, None, None, None, None, None, None, None, None, None, None, None, None, None, None, None, None, None, None, None, None, None, None, None, None, None, None, None, None, None, None, None, None, None, None, None, None, None, None, None, None, None, None, None, None, None, None]"
533,"[[1662477, 1662967]]","[[7489, 7977]]",['Jeff Nunokawa'],['19930401'],"['Language & Literature', 'History', 'British Studies', 'History', 'Area Studies', 'Humanities']",10.2307/3828324,cca52f22-7702-3501-b2cb-343118eed53e,['victorianstudies'],Victorian Studies,['eng'],['3'],2,273-292,['Indiana University Press'],273,"<cite>Victorian Studies</cite>, Vol. 36, No. 3, Victorian Sexualities (Spring, 1993), pp. 273-292","['The Miser\'s Two Bodies: ""Silas Marner"" and the Sexual Possibilities of the Commodity']","['Sexology', 'Transubstantiation', 'Pity', 'Wrist', 'Reincarnation', 'Sublimation', 'Phobias', 'Sexual self stimulation', 'Psyche', 'Homophobia', 'Companionship', 'Eyeglasses', 'Sadness', 'Baptism', 'Pleasure principle', 'Sofas', 'Writing apprehension', 'Thirst', 'Twilight', 'Dolls', 'Pain', 'Thumb', 'Wands', 'Blindness', 'Exhibitionists']",fla,['36'],1993,1990,102,"[[[1662477, 1662967], 102]]",[102],[]
41,"[[344722, 344850], [345183, 345412], [345599, 346047], [1325909, 1326615], [1512747, 1513110], [1691186, 1691647], [1793218, 1793447]]","[[6381, 6509], [6594, 6823], [6849, 7288], [31836, 32646], [39470, 39832], [70783, 71286], [78693, 78928]]",['JEROME MECKIER'],"['19870101', '19870101']",['Language & Literature'],10.2307/j.ctt130hv1q.10,96578c68-1548-3d30-b630-22d4a078aa91,,,['eng'],,12,,,,,"['Hidden Rivalries in Victorian Fiction', 'Dickens, Realism, and Revaluation', '“That Arduous Invention”', 'Middlemarch']","['Fear', 'Pity', 'Hypocrisy', 'Humanism', 'Melodrama', 'Satire', 'Sentimentalism', 'Pessimism', 'Purgatory', 'Blackmail', 'Vocation', 'Resurrection', 'Epiphanies', 'Vampires', 'Heaven', 'Martyrdom', 'Externalization', 'Murderers', 'Healers', 'Rivalry', 'Perfection', 'Maces', 'Immortality', 'Blessings', 'Fortitude']",mis,,1987,1980,523,"[[[344722, 344850], 21], [[345183, 345412], 42], [[345599, 346047], 83], [[1325909, 1326615], 143], [[1512747, 1513110], 81], [[1691186, 1691647], 103], [[1793218, 1793447], 50]]","[21, 42, 83, 143, 81, 103, 50]",[]
727,"[[345774, 346047], [449670, 449764]]","[[3446, 3719], [5560, 5654]]",['PATRICK BRANTLINGER'],['19750101'],"['Humanities', 'Language & Literature']",10.2307/23099626,5673376c-1b4d-3c66-8c2a-eabce7dec352,['criticism'],,['eng'],['1'],3,15-40,['Wayne State University Press'],15,"<cite>Criticism</cite>, Vol. 17, No. 1 (Winter 1975), pp. 15-40","['Romances, Novels, and Psychoanalysis']","['Sublimity', 'Artistic realism', 'Fantasy', 'Romantic art', 'Fear', 'Mental disorders', 'Religious naturalism', 'Psychoanalysts', 'Omnipotence', 'Villains', 'Thrillers', 'Daydreams', 'Melodrama', 'Disillusionment', 'Blackness studies', 'Modesty', 'Conscience', 'Quack doctors', 'Piracy', 'Direct examination', 'Delirium', 'Labyrinths', 'Libido', 'Rainbows', 'Gyres']",fla,['17'],1975,1970,71,"[[[345774, 346047], 50], [[449670, 449764], 21]]","[50, 21]",[]
4605,"[[381507, 381903]]","[[126921, 127317]]",,"['20060101', '20060101']",['Language & Literature'],10.3138/j.ctt1287xbp.38,a9052b4b-aba4-3a10-ad75-9160064f2f86,,,['eng'],,2,,,,,"['The Secular Scripture and Other Writings on Critical Theory, 1976?1991', 'Notes']","['Masques', 'Hymns', 'Fables', 'Detective fiction', 'Wisdom', 'Magicians', 'Epic dramas', 'Princesses', 'Proverbs', 'Metonymy', 'Religious rites', 'Ugliness', 'Paraphrase', 'Melodic patterns', 'Dreams', 'Similes', 'Heroism', 'Peyote', 'Agent intellect', 'Anthologies', 'Betrayal', 'Symbolist art', 'Mottos', 'Novelists', 'Librettos']",mis,,2006,2000,78,"[[[381507, 381903], 78]]",[78],[]
200,"[[113029, 113982], [113612, 113988], [135109, 135394]]","[[38170, 39139], [38773, 39145], [40901, 41186]]",['John Freeman'],"['19700401', '19700401']","['Language & Literature', 'Humanities']",10.2307/42965156,4c890a3b-e4e8-3c22-85a7-8eda79da008b,['cambquar'],The Cambridge Quarterly,['eng'],['1'],5,25-40,['Oxford University Press'],25,"<cite>The Cambridge Quarterly</cite>, Vol. 5, No. 1 (Spring/Summer 1970), pp. 25-40","[""George Eliot's Great Poetry""]","['Sadness', 'Love', 'Vampires', 'Sacraments', 'Magnanimity', 'Poetry', 'Parody', 'Morticians', 'Pity', 'Whips', 'Cattle rustling', 'Sunlight', 'Professional negligence', 'Contentment', 'Mesmerism', 'Trousseaux', 'Misfortune', 'Restlessness', 'Laryngoscopes', 'Disgust', 'Nostalgia', 'Permanence', 'Perceptiveness', 'Fetishism', 'Funerals']",fla,['5'],1970,1970,383,"[[[113029, 113982], 228], [[113612, 113988], 95], [[135109, 135394], 60]]","[228, 95, 60]",[]
193,"[[1734184, 1734610], [1736735, 1737321], [1737876, 1738039]]","[[24189, 24706], [25949, 26549], [79185, 79355]]",['Andrew Bennett'],"['20090101', '20090101']",['Language & Literature'],10.2307/j.ctt155j8bf.9,606b2505-6135-3192-8084-d1a64079bfee,,,['eng'],,6,,,,,"['Ignorance', 'Literature and agnoiology', 'Our ignorance of others:', 'Middlemarch and Great Expectations']","['Love', 'Autobiographies', 'Dramatic monologues', 'Selfishness', 'Revenge', 'Fear', 'Sexual self stimulation', 'Alibis', 'Novels', 'Acknowledgments', 'Headstones', 'Irony', 'Inwardness', 'Animism', 'Narrators', 'Opacity', 'Novella', 'Textuality', 'Immanence', 'Otherness', 'Telepathy', 'Lightning', 'Docudrama', 'Philosophical realism', 'Vanity']",mis,,2009,2000,263,"[[[1734184, 1734610], 96], [[1736735, 1737321], 130], [[1737876, 1738039], 37]]","[96, 130, 37]",[]
930,"[[290798, 291020], [408398, 408548], [484824, 484965], [485023, 485555], [485556, 485682], [485813, 485921], [486101, 486600]]","[[5783, 6005], [39617, 39767], [47907, 48048], [48064, 48594], [48989, 49115], [49127, 49236], [49250, 49720]]",['Margaret Anne Doody'],['19801201'],"['Language & Literature', 'Humanities']",10.2307/3044863,785f7a72-91c6-3746-809a-d832c285ac39,['ninecentfict'],Nineteenth-Century Fiction,['eng'],['3'],10,260-291,['University of California Press'],260,"<cite>Nineteenth-Century Fiction</cite>, Vol. 35, No. 3, Special Issue: George Eliot, 1880-1980 (Dec., 1980), pp. 260-291",['George Eliot and the Eighteenth-Century Novel'],"['Passion', 'Pity', 'Jokes', 'Flattery', 'Pursuit evasion games', 'Novels', 'Robbers', 'Anger', 'Modesty', 'Egotism', 'Solitude', 'Humor', 'Manners', 'Grandmothers', 'Earrings', 'Cousins', 'Disgust', 'Millinery', 'Omniscient narrators', 'Heroism', 'Pathos', 'Mutton', 'Thunder', 'Gossip', 'Fast food industry']",fla,['35'],1980,1980,373,"[[[290798, 291020], 47], [[408398, 408548], 31], [[484824, 484965], 31], [[485023, 485555], 119], [[485556, 485682], 25], [[485813, 485921], 22], [[486101, 486600], 98]]","[47, 31, 31, 119, 25, 22, 98]","[None, None, None, None, None, None, None, None, None, None, None, None, None, None, None, None, None, None, None, None, None, None, None, None, None, None, None, None, None, None, None, None, None, None, None, None, None, None, 4, None, None, None, None, None, None, None, None, None, None, None, None, None, None, None, None, None, None, None, None, None, None, None, None, None, None, None, None, None, None, None, None, None, None, None, None, None, None, None, None, None, None, None, None, None, None, None, None, None, None, None, None, None, None, None, None, None, None, None, None, None, None, None, None, None, None, None, None, None, None, None, None, None, None, None, None, None, None, None, None, None, None, None, None, None, None, None, None, None, None, None, None, None, None, None, None, None, None, None, None, None, None, None, None, None, None, None, None, None, None, None, None, None, None, None, None, None, None, None, None, None, None, None, None, None, None, None, None, None, None, None, None, None, None, None, None, None, None, None, None, None, None, None, None, None, None, None, None, None, None, None, None, None, None, None, None, None, None, None, None, None, None, None, None, None, None, None, None, None, None, None, None, None, None, None, None, None, None, None, None, None, None, None, None, None, None, None, None, None, None, None, None, None, None, None, None, None, None, None]"
28,"[[18311, 18654], [36712, 36879], [39525, 39677], [47435, 47656], [415296, 415396], [417880, 417944], [419235, 419321], [583966, 584115], [585792, 585941], [586112, 586194], [911852, 912139], [915815, 915895], [1691037, 1691535]]","[[9299, 9639], [13482, 13644], [22259, 22414], [23149, 23390], [24043, 24143], [24768, 24831], [25048, 25134], [26244, 26394], [26687, 26837], [26853, 26935], [28000, 28285], [29358, 29438], [30687, 31182]]",['Sophia Andres'],['19881201'],"['Language & Literature', 'Humanities']",10.2307/2873139,682a0b66-d9b2-305c-99dd-22cd29b16067,['elh'],ELH,['eng'],['4'],16,853-868,['Johns Hopkins University Press'],853,"<cite>ELH</cite>, Vol. 55, No. 4 (Winter, 1988), pp. 853-868",['The Germ and the Picture in Middlemarch'],"['Labyrinths', 'Preludes', 'Diastole', 'Harps', 'Curtains', 'Lightning', 'Paints', 'Refraction', 'Brightness', 'Sunlight', 'Smiles', 'Emotional harmony', 'Imprecise probabilities', 'Introspection', 'Fountains', 'Renunciation', 'Horsemanship', 'Emeralds', 'Sinew', 'Gin', 'Wave diffraction', 'Nuchal translucency measurement', 'Olfactory perception', 'Thirst', 'Endurance']",fla,['55'],1988,1980,516,"[[[18311, 18654], 79], [[36712, 36879], 36], [[39525, 39677], 26], [[47435, 47656], 46], [[415296, 415396], 20], [[417880, 417944], 15], [[419235, 419321], 17], [[583966, 584115], 29], [[585792, 585941], 34], [[586112, 586194], 15], [[911852, 912139], 68], [[915815, 915895], 17], [[1691037, 1691535], 114]]","[79, 36, 26, 46, 20, 15, 17, 29, 34, 15, 68, 17, 114]","[None, None, None, None, None, None, None, None, None, None, None, None, None, None, None, None, None, None, None, None, None, None, None, None, None, None, None, None, None, None, None, None, None, None, None, None, None, None, None, None, None, None, None, None, None, None, None, None, None, None, None, None, None, None, None, None, None, None, None, None, None, None, None, None, None, None, None, None, None, None, None, None, None, None, None, None, None, None, None, None, None, None, None, None, None, None, None, None, None, None, None, None, None, None, None, None, None, None, None, None, None, None, None, None, None, None, None, None, None, None, None, None, None, None, None, None, None, None, None, None, None, None, None, None, None, None, None, None, None, None, None, None, None, None, None, None, None, None, None, None, None, None, None, None, None, None, 10, None, None, None, None, None, None, None, None, None, None, None, None, None, None, None, None, None, None, None, None, None, None, None, None, None, None, None, None, None, None, None, None, None, None, None, 12, None, None, None, None, None, None, None, None, None, None, None, None, None, None, None, None, None, None, None, None, None, None, None, None, None, None, None, None, None, None, None, None, None, None, None, None, 15, None, None, None, None, None, None, None, None, None, None, None, None, None, None, None, None, None, None, None, None, None, None, None, None, None, None, None, None, None, None, None, None, None, None, None, None, None, None, None, None, None, None, None, None, None, None, None, None, None, None, None, None, None, None, None, None, None, None, None, None, None, None, None, None, None, None, None, None, None, None, None, None, None, None, None, None, None, None, None, None, None, None, None, None, None, None, None, None, None, None, None, None, None, None, None, None, None, None, None, None, None, None, None, None, None, None, None, None, None, None, None, None, None, None, None, None, None, None, None, None, None, None, None, None, None, None, None, None, None, None, None, None, None, None, None, None, None, None, None, None, None, None, None, None, None, None, None, None, None, None, None, None, None, None, None, None, None, None, None, None, None, None, None, None, None, None, None, None, None, None, None, None, None, None, None, None, None, None, None, None, None, None, None, None, None, None, None, None, None, None, None, None, None, None, None, None, None, None, None, None, None, None, None, None, None, None, None, None, None, None, None, None, None, None, None, None, None, None, None, None, None, None]"
964,"[[404378, 404539], [404792, 405017]]","[[46094, 46252], [46257, 46479]]",['Jerome Bump'],['19820901'],"['Language & Literature', 'Humanities']",10.2307/3044571,49277150-9e77-3614-a053-b5dd3d486424,['ninecentfict'],Nineteenth-Century Fiction,['eng'],['2'],3,188-206,['University of California Press'],188,"<cite>Nineteenth-Century Fiction</cite>, Vol. 37, No. 2 (Sep., 1982), pp. 188-206",['Seeing and Hearing in Marius the Epicurean'],"['Baptism', 'Liturgy', 'Martyrdom', 'Incantations', 'Psalms', 'Hymns', 'Poetics', 'Intellect', 'Chivalry', 'Sacraments', 'Allegory', 'Holiness', 'Parody', 'Lyres', 'Sophistry', 'Parables', 'Marriage ceremonies', 'Recitations', 'Climacteric', 'Diviners', 'Cornbreads', 'Despair', 'Idioms', 'Feasts', 'Flutes']",fla,['37'],1982,1980,82,"[[[404378, 404539], 35], [[404792, 405017], 47]]","[35, 47]",[]
4860,"[[1277, 1530]]","[[54111, 54364]]",['MARIA LAMONACA'],['20021001'],"['Language & Literature', 'Humanities']",10.2307/29533514,ac95a67a-7cb8-34a4-a8ff-ecedc509fefc,['studiesnovel'],Studies in the Novel,['eng'],['3'],2,245-263,['Johns Hopkins University Press'],245,"<cite>Studies in the Novel</cite>, Vol. 34, No. 3 (fall 2002), pp. 245-263","['JANE\'S CROWN OF THORNS: FEMINISM AND CHRISTIANITY IN ""JANE EYRE""']","['Women', 'Divine grace', 'Sin', 'Predestination', 'Obedience', 'Preachers', 'Seduction', 'Freethought', 'Spiritual ecstasy', 'Idolatry', 'Asceticism', 'Paradise', 'Vocation', 'Villains', 'Damnation', 'Treason', 'Pantheism', 'Fortitude', 'Atonement', 'Superstitions', 'Veneration', 'Subjection', 'Summonses', 'Exorcism', 'Waterfalls']",fla,['34'],2002,2000,50,"[[[1277, 1530], 50]]",[50],[]
1522,"[[973108, 973452], [1346567, 1346832], [1348963, 1349067]]","[[9623, 9967], [34222, 34486], [34567, 34671]]",['LAURA VORACHEK'],['20000901'],"['Language & Literature', 'Humanities']",10.2307/42827934,796371c7-1672-34e0-8e93-a3580e9fa1c1,['georelioghlstud'],George Eliot - George Henry Lewes Studies,['eng'],['38/39'],4,26-43,['Penn State University Press'],26,"<cite>George Eliot - George Henry Lewes Studies</cite>, No. 38/39, In Memoriam: Professor Jerome Beaty (1924-2000) (September 2000), pp. 26-43","['""THE INSTRUMENT OF THE CENTURY"": THE PIANO AS AN ICON OF FEMALE SEXUALITY IN THE NINETEENTH CENTURY']","['Keyboard music', 'Women', 'Pity', 'Virtuosos', 'Seduction', 'Gossip', 'Aristocracy', 'Sexual self stimulation', 'Ballads', 'Egoism', 'Virginals', 'Convents', 'Sofas', 'Idleness', 'Orgasm', 'Rapture', 'Whiteness studies', 'Penance', 'Epiphanies', 'Art Deco', 'Masculinity', 'Musical instruments', 'Dance halls', 'Biochemical oxygen demand', 'Flatness']",fla,,2000,2000,154,"[[[973108, 973452], 75], [[1346567, 1346832], 58], [[1348963, 1349067], 21]]","[75, 58, 21]",[]
133,"[[399315, 399738], [400613, 400838], [402604, 402726], [408633, 411151]]","[[767, 1188], [1209, 1434], [1588, 1712], [21259, 24157]]","['Hans Ulrich Seeber', 'Sabine Poeschel']",['20000101'],"['Language & Literature', 'Humanities']",10.2307/43028240,6850365f-898c-3cda-90a5-0ea25f795894,['poetica'],Poetica,['ger'],['3/4'],6,443-473,['Wilhelm Fink GmbH & Co. Verlags-KG'],443,"<cite>Poetica</cite>, Vol. 32, No. 3/4 (2000), pp. 443-473","['DOROTHEA BROOKE UND EROTISCHE KUNST IN GEORGE ELIOTS ""MIDDLEMARCH""']","['Krises', 'Geist', 'Fresco', 'Pseudoreligions', 'Pity', 'Leis', 'Draperies', 'Phenomenological reduction', 'Agape', 'Wicker baskets', 'Predicative adjectives', 'Intimate love', 'Colossi', 'Gelato', 'Saris', 'Breathing', 'Auscultation', 'Traditional logic', 'Hyperbole', 'Galactosemias', 'Varuna', 'Mandorlas', 'Pain', 'Contentment', 'Fables']",fla,['32'],2000,2000,652,"[[[399315, 399738], 87], [[400613, 400838], 45], [[402604, 402726], 21], [[408633, 411151], 499]]","[87, 45, 21, 499]","[None, None, None, None, None, None, None, None, None, None, None, None, None, None, None, None, None, None, None, None, None, None, None, None, None, None, None, None, None, None, None, None, None, None, None, None, None, None, None, None, None, None, None, None, None, None, None, None, None, None, None, None, None, None, None, None, None, None, None, None, None, None, None, None, None, None, None, None, None, None, None, None, None, None, None, None, None, None, None, None, None, None, None, None, None, None, None, None, None, None, None, None, None, None, None, None, None, None, None, None, None, None, None, None, None, None, None, 5, None, None, None, None, None, None, None, None, None, None, None, None, None, None, None, None, None, None, None, None, None, None, None, None, None, None, None, None]"
417,"[[173657, 173756], [292143, 292406]]","[[14718, 14816], [64553, 64816]]",['Thomas Albrecht'],['20060701'],"['Language & Literature', 'Humanities']",10.2307/30030019,5f97e839-43b0-3d35-8fd6-31da94f56373,['elh'],ELH,['eng'],['2'],3,437-463,['Johns Hopkins University Press'],437,"<cite>ELH</cite>, Vol. 73, No. 2 (Summer, 2006), pp. 437-463","['Sympathy and Telepathy: The Problem of Ethics in George Eliot\'s ""The Lifted Veil""']","['Sympathy', 'Misanthropy', 'Egotism', 'Paranormal experiences', 'Narcissism', 'Catachresis', 'Grief work', 'Novella', 'Otherness', 'Veils', 'Mesmerism', 'Pity', 'Visual fixation', 'Aestheticism', 'Castration', 'Alterity', 'Udders', 'Telepathy', 'Avowals', 'Selfishness', 'Vivisection', 'Opacity', 'Literary epigraphs', 'Phrenology', 'Epigrams']",fla,['73'],2006,2000,82,"[[[173657, 173756], 23], [[292143, 292406], 59]]","[23, 59]",[]
4397,"[[409825, 409982], [411163, 412177]]","[[9460, 9617], [9905, 10933]]",['DENIS DONOGHUE'],['20061001'],"['Humanities', 'Language & Literature']",10.2307/40549795,3091d1cd-23a2-37ef-8612-e354cbe377db,['salmagundi'],,['eng'],['152'],4,71-87,['Skidmore College'],71,"<cite>Salmagundi</cite>, No. 152 (Fall 2006), pp. 71-87",['The Not-Quite Said'],"['Pity', 'Potentiality', 'Musical ethos', 'Finitude', 'Civil duty', 'Paraphrase', 'Affection', 'Interiority', 'Opacity', 'Conceptus', 'New taxa', 'Superstitions', 'Stagecraft', 'Insults', 'Fear', 'Writing apprehension', 'Recitations', 'Fables', 'Short pants', 'Torso', 'Poisonous plants', 'Historical necrologies', 'Pencils', 'Parables', 'Novelists']",fla,,2006,2000,253,"[[[409825, 409982], 32], [[411163, 412177], 221]]","[32, 221]","[None, None, None, None, None, 5, None, None, None, None, None, None, None, None, None, None, None, None, None, None, None, None, None, None, None, None, None, None, None, None, None, None, None, None, None, None, None, None, None, None, 6, None, None, None, None, None, None, None, None, None, None, None, None, None, None, None, None, None, None, None, None, None, None, None, None, None, None, None]"
111,"[[251414, 251485], [943252, 943695], [1125907, 1126071], [1134948, 1135043], [1459060, 1459222], [1528526, 1528668], [1558145, 1558251]]","[[33384, 33455], [35447, 35889], [38956, 39121], [39431, 39531], [41300, 41462], [41666, 41809], [42114, 42220]]",['Mary Wilson Carpenter'],['20100101'],"['Language & Literature', 'British Studies', 'Area Studies', 'Humanities']",10.2307/25733489,51a3900b-ed28-3637-9e19-63f6daeec224,['victlitcult'],Victorian Literature and Culture,['eng'],['2'],8,511-528,['Cambridge University Press'],511,"<cite>Victorian Literature and Culture</cite>, Vol. 38, No. 2 (2010), pp. 511-528","['MEDICAL COSMOPOLITANISM: ""MIDDLEMARCH"", CHOLERA, AND THE PATHOLOGIES OF ENGLISH MASCULINITY']","['Cholera', 'Cosmopolitanism', 'Diphtheria', 'Fear', 'Septic systems', 'Typhoid', 'Dysentery', 'Pilgrimages', 'Drunkenness', 'Smallpox', 'Breakfasts', 'Fenders', 'Insomnia', 'Blackmail', 'Orphanages', 'Pandemics', 'Closets', 'Teetotalism', 'Migration Period', 'Bubonic plague', 'Breweries', 'Toasts', 'Favoritism', 'Stepsons', 'Panic']",fla,['38'],2010,2010,247,"[[[251414, 251485], 16], [[943252, 943695], 97], [[1125907, 1126071], 32], [[1134948, 1135043], 18], [[1459060, 1459222], 34], [[1528526, 1528668], 30], [[1558145, 1558251], 20]]","[16, 97, 32, 18, 34, 30, 20]",[]
451,"[[428475, 428636], [603705, 603865], [765815, 765969], [776675, 776770], [847303, 847526], [1326622, 1327882]]","[[13702, 13873], [13882, 14042], [14453, 14607], [16050, 16145], [16189, 16412], [17635, 18887]]",['Robert Scholes'],"['19880101', '19880101']","['Language & Literature', 'Humanities']",10.2307/1345484,2785bb56-d7db-34d9-b52c-2134d6fffbd8,['noveforufict'],NOVEL: A Forum on Fiction,['eng'],['2/3'],7,188-196,['Duke University Press'],188,"<cite>NOVEL: A Forum on Fiction</cite>, Vol. 21, No. 2/3, Why the Novel Matters: A Postmodern Perplex Conference Issue (Winter - Spring, 1988), pp. 188-196",['The Novel as Ethical Paradigm?'],"['Divinity', 'Novels', 'Meditation', 'Bridge piers', 'Benevolence', 'Nostalgia', 'Literary epigraphs', 'Capitalism', 'Art Deco', 'Vocation', 'Thunder', 'Allegory', 'Boredom', 'Actuality', 'Neurasthenia', 'Short pants', 'Tree trunks', 'Insults', 'Quarries', 'Rectitude', 'Musical improvisation', 'Warehouses', 'Exhaustion', 'Soul', 'Larceny']",fla,['21'],1988,1980,428,"[[[428475, 428636], 33], [[603705, 603865], 32], [[765815, 765969], 29], [[776675, 776770], 16], [[847303, 847526], 52], [[1326622, 1327882], 266]]","[33, 32, 29, 16, 52, 266]","[None, None, None, None, None, None, None, None, None, None, None, None, None, None, None, None, None, None, None, None, None, None, None, None, None, None, None, None, None, 29, None, None, None, None, None, None, None, None, None, None, None, None, None, None, None, None, None, None, None, None, None, None, None, None, None, None, None, None, None, None, None, None, None, None, None, None, None, None, None, None, None, None, None, None, None, None, None, None, None, None, None, None, None, None, None, None, None, None, None, None, None, None, None, None, None, None, None, None, None, None, None, None, None, None, None, None, None, None, None, None, None, None, None, None, None, None, None, None, None, None, None, None, None, None, None, None, None, None, None, None, None, None, None, None, None, None, None, None, None, None, None, None, None, None, None, None, None, None, None, None, None, None, None, None, None, None, None, None, None, None, None, None, None, None, None, None, None, None, None, None, None, None, None, None, None, None, None, None, None, None, None, None, None, None, None, None, None, None, None, None, None, None, None, None, None, None, None, None, None, None, None, None, None, None]"
129,"[[1858, 1965], [179918, 179995], [230082, 230197], [239810, 239903], [243627, 243751], [250136, 250241], [261590, 261684], [271078, 271183], [271794, 271914], [283931, 284078], [291679, 291861], [291946, 292005], [312072, 312178], [312634, 312871], [318776, 319023], [320798, 320887]]","[[3115, 3222], [8767, 8844], [12543, 12659], [12829, 12922], [13356, 13480], [13728, 13835], [14841, 14935], [17703, 17806], [18029, 18149], [19225, 19371], [21030, 21213], [21320, 21379], [22388, 22494], [22696, 22932], [25633, 26348], [26528, 26615]]",['Stanton Millet'],['19800101'],"['Humanities', 'Language & Literature']",10.2307/27708593,13f9b49e-f630-3fdb-8e0c-d6442b8d2bb6,['jenglgermphil'],,['eng'],['1'],18,32-57,['University of Illinois Press'],32,"<cite>The Journal of English and Germanic Philology</cite>, Vol. 79, No. 1 (Jan., 1980), pp. 32-57","['The Union of ""Miss Brooke"" and ""Middlemarch"": A Study of the Manuscript']","['Parchment', 'Nieces', 'Boredom', 'Vocation', 'Chaplains', 'Hunting songs', 'Breakfasts', 'Widowers', 'Numerals', 'Mottos', 'Family names', 'Fountain pens', 'Occupancy standards', 'Gimbals', 'Shad', 'Affection', 'Eemian age', 'Sapodillas', 'Railroad freight cars', 'Warm hot intergalactic medium', 'Compasses', 'Cotton gins', 'Television cameras', 'Criminal solicitation', 'Remainders']",fla,['79'],1980,1980,431,"[[[1858, 1965], 19], [[179918, 179995], 14], [[230082, 230197], 25], [[239810, 239903], 22], [[243627, 243751], 24], [[250136, 250241], 21], [[261590, 261684], 24], [[271078, 271183], 25], [[271794, 271914], 23], [[283931, 284078], 38], [[291679, 291861], 38], [[291946, 292005], 11], [[312072, 312178], 19], [[312634, 312871], 53], [[318776, 319023], 49], [[320798, 320887], 26]]","[19, 14, 25, 22, 24, 21, 24, 25, 23, 38, 38, 11, 19, 53, 49, 26]",[]
1610,"[[79699, 80220]]","[[5106, 5594]]",['George J. Worth'],['19760701'],"['Humanities', 'Language & Literature']",10.2307/27708062,9e50dd8f-3903-3d9a-a182-fc8480e3560b,['jenglgermphil'],,['eng'],['3'],3,444-446,['University of Illinois Press'],444,"<cite>The Journal of English and Germanic Philology</cite>, Vol. 75, No. 3 (Jul., 1976), pp. 444-446",,"['Annotated bibliographies', 'Allusion', 'Novelists', 'Publishing industry', 'Literary epigraphs', 'Poetry', 'Vertigo', 'Mottos', 'Melting points', 'Teacher retirement', 'Futile medical care', 'Bestiality', 'Confectionery', 'Agility', 'Hierarchical relationships', 'Old wives tales', 'Bass voice', 'Osteoarthritis', 'Warnings', 'Heaven', 'Hand strength', 'Cutlasses', 'Textbooks', 'Rheumatoid arthritis', 'Census data']",brv,['75'],1976,1970,107,"[[[79699, 80220], 107]]",[107],[]
361,"[[124659, 125070]]","[[23228, 23641]]","['John R. Reed', 'Jerry Herron']",['19850901'],"['Language & Literature', 'Humanities']",10.2307/3044589,4090aa85-0397-3871-9e0c-17c382df2da4,['ninecentfict'],Nineteenth-Century Fiction,['eng'],['2'],2,175-186,['University of California Press'],175,"<cite>Nineteenth-Century Fiction</cite>, Vol. 40, No. 2 (Sep., 1985), pp. 175-186","[""George Eliot's Illegitimate Children""]","['Novels', 'Humanity', 'Unwed mothers', 'Irony', 'Anger', 'Ostracism', 'Motherhood', 'Vanity', 'Determinism', 'Baptism', 'Stepfathers', 'Parentage', 'Betrayal', 'Aphorisms', 'Selfishness', 'Seedbeds', 'Love', 'Impotence', 'Obedience', 'Sympathy', 'Volition', 'Genuine progress indicator', 'Ambition', 'Self realization', 'Rill erosion']",fla,['40'],1985,1980,78,"[[[124659, 125070], 78]]",[78],[]
126,"[[12582, 12778], [814511, 814667], [1033297, 1033645], [1034001, 1034069], [1036326, 1036412], [1337775, 1338244], [1338172, 1338267]]","[[3218, 3413], [3971, 4126], [4290, 4636], [4824, 4893], [5905, 5991], [6110, 6574], [6503, 6597]]",['ERNEST FONTANA'],['20070901'],"['Language & Literature', 'Humanities']",10.2307/42827827,ecf70fd6-51b4-312e-8523-86c4abb5529f,['georelioghlstud'],George Eliot - George Henry Lewes Studies,['eng'],['52/53'],9,1-8,['Penn State University Press'],1,"<cite>George Eliot - George Henry Lewes Studies</cite>, No. 52/53 (September 2007), pp. 1-8","['""GENTLEMAN"" AS SIGNIFIER IN ""MIDDLEMARCH""']","['Moral character', 'Cousins', 'Property inheritance', 'Grammatical intensifiers', 'Novelists', 'Semiotic signs', 'Symphonies', 'Teacher dismissal', 'Transgression', 'Codicils', 'Wisdom', 'Commercial law', 'Insults', 'Appeals to authority', 'Surety', 'Syllables', 'Renunciation', 'Locution', 'Ambivalence', 'Handwriting', 'Landowners', 'Rumors', 'Overtrading', 'Antitheses', 'Epithets']",fla,,2007,2000,337,"[[[12582, 12778], 39], [[814511, 814667], 37], [[1033297, 1033645], 79], [[1034001, 1034069], 16], [[1036326, 1036412], 14], [[1337775, 1338244], 126], [[1338172, 1338267], 26]]","[39, 37, 79, 16, 14, 126, 26]",[]
2792,"[[345764, 345855]]","[[2521, 2612]]",['Iona Heath'],['20050423'],"['Health Sciences', 'Medicine and Allied Health']",10.2307/25459494,8f947df7-bccf-302a-b3b4-ac7f449b4f01,['bmjbritmedj'],,['eng'],['7497'],2,954-956,['BMJ'],954,"<cite>BMJ: British Medical Journal</cite>, Vol. 330, No. 7497 (Apr. 23, 2005), pp. 954-956",['Current Controversies: Who Needs Health Care: The Well Or The Sick?'],"['Primary health care', 'Pharmaceutical industry', 'Politicians', 'Political risk', 'Diseases', 'Dementia', 'Female circumcision', 'Skepticism', 'Contentment', 'Life expectancy', 'Distrust', 'Anxiety', 'Lifestyle', 'Medical audits', 'Rhetoric', 'Craving', 'Fate', 'Misery', 'Hospital admissions', 'Tyranny', 'Resignation from office', 'Precautionary principle', 'Conglomerates', 'Glass transition temperature', 'Check kiting']",fla,['330'],2005,2000,16,"[[[345764, 345855], 16]]",[16],[]
2615,"[[1840, 1965], [1792461, 1792705], [1793006, 1793383]]","[[380, 505], [552, 797], [2335, 2713]]",['Miriam Elizabeth Burstein'],['19990801'],"['Language & Literature', 'Humanities']",10.2307/439034,656bcd5c-bfac-30f2-ac76-c112f463ee6a,['modernphilology'],Modern Philology,['eng'],['1'],4,46-75,['University of Chicago Press'],46,"<cite>Modern Philology</cite>, Vol. 97, No. 1 (Aug., 1999), pp. 46-75","[""From Good Looks to Good Thoughts: Popular Women's History and the Invention of Modernity, ca. 1830-1870""]","['Women', 'Narrative history', 'Spiritual love', 'Femininity', 'Humanity', 'Pity', 'Masculinity', 'Passion', 'Subjection', 'Misogyny', 'Periodization', 'Heroism', 'Abolitionism', 'Celebrities', 'Sensationalism', 'Biographers', 'Divine grace', 'Paganism', 'Slavery', 'Perfection', 'Rebirth', 'Spectacle', 'Commodity value', 'Repentance', 'Comets']",fla,['97'],1999,1990,156,"[[[1840, 1965], 23], [[1792461, 1792705], 50], [[1793006, 1793383], 83]]","[23, 50, 83]",[]
